{
    "value0": {
        "ptr_wrapper": {
            "id": 2147483649,
            "data": {
                "m_name": "MeleeMoveObj",
                "m_uuID": {
                    "uuid": "6ab964ad-096d-4d42-8540-8f0dbaa70020"
                },
                "m_tag": 0,
                "m_pComponents": [
                    {
                        "polymorphic_id": 2147483649,
                        "polymorphic_name": "TMF::Transform",
                        "ptr_wrapper": {
                            "id": 2147483650,
                            "data": {
                                "value0": {
                                    "m_uuID": {
                                        "uuid": "171372e2-50c1-4dcf-b530-dff0377f7139"
                                    }
                                },
                                "m_position": {
                                    "value0": -1.0407159328460694,
                                    "value1": 5.0,
                                    "value2": 0.9575543999671936
                                },
                                "m_scale": {
                                    "value0": 0.20000000298023225,
                                    "value1": 0.5,
                                    "value2": 0.5
                                },
                                "m_rotation": {
                                    "value0": 0.0,
                                    "value1": 0.0,
                                    "value2": 0.24740396440029145,
                                    "value3": 0.9689124226570129
                                },
                                "m_pParent": {
                                    "locked_ptr": {
                                        "polymorphic_id": 0
                                    }
                                }
                            }
                        }
                    },
                    {
                        "polymorphic_id": 2147483650,
                        "polymorphic_name": "TMF::PrimitiveMesh",
                        "ptr_wrapper": {
                            "id": 2147483651,
                            "data": {
                                "value0": {
                                    "m_uuID": {
                                        "uuid": "65f5ae2e-fc6b-4362-b3dc-d608e3c023c7"
                                    }
                                },
                                "m_shapeType": 0,
                                "m_color": {
                                    "value0": 1.0,
                                    "value1": 1.0,
                                    "value2": 1.0,
                                    "value3": 0.5
                                },
                                "m_scale": {
                                    "value0": 2.0,
                                    "value1": 2.0,
                                    "value2": 2.0
                                },
                                "m_textureName": ""
                            }
                        }
                    },
                    {
                        "polymorphic_id": 2147483651,
                        "polymorphic_name": "TMF::MeleeMove",
                        "ptr_wrapper": {
                            "id": 2147483652,
                            "data": {
                                "value0": {
                                    "m_uuID": {
                                        "uuid": "82dda18b-1174-4c65-8b9e-84cf42ab2a6e"
                                    }
                                },
                                "m_moveSpeed": 0.05000000074505806
                            }
                        }
                    },
                    {
                        "polymorphic_id": 2147483652,
                        "polymorphic_name": "TMF::Collider",
                        "ptr_wrapper": {
                            "id": 2147483653,
                            "data": {
                                "value0": {
                                    "m_uuID": {
                                        "uuid": "fdf2bbbc-8c43-4636-b000-676dd45ccadc"
                                    }
                                },
                                "m_collidrType": 0,
                                "m_size": {
                                    "value0": 1.0,
                                    "value1": 1.0,
                                    "value2": 1.0
                                },
                                "m_center": {
                                    "value0": 0.0,
                                    "value1": 0.0,
                                    "value2": 0.0
                                }
                            }
                        }
                    },
                    {
                        "polymorphic_id": 2147483653,
                        "polymorphic_name": "TMF::GhostObject",
                        "ptr_wrapper": {
                            "id": 2147483654,
                            "data": {
                                "m_uuID": {
                                    "uuid": "da38cd02-176b-4f7c-bcc1-7a565d34e910"
                                }
                            }
                        }
                    }
                ]
            }
        }
    }
}